name,occupation
Viki,Professor
Bette-ann,Singer
Annamaria,Actor
Joella,Professor
Harriot,Professor
Ellerey,Singer
Laverne,Singer
Lucinda,Actor
Fletcher,Actor
Leontine,Doctor
Lauritz,Actor
Sidney,Singer
Bern,Doctor
Eolanda,Actor
Cleon,Singer
Currey,Professor
Griffie,Professor
Domenic,Actor
Cecil,Doctor
Lorinda,Singer
Sari,Singer
Darci,Professor
Jamesy,Doctor
Brianne,Singer
Napoleon,Actor
Doralyn,Professor
Vasily,Singer
Illa,Actor
Llewellyn,Actor
Jodie,Actor
Margarette,Professor
Vinny,Doctor
Conroy,Actor
Claudelle,Professor
Harold,Professor
Benyamin,Actor
Lorry,Singer
Waldo,Actor
Marlyn,Professor
Truda,Professor
Dulcy,Actor
Rhodia,Actor
Glen,Doctor
Deloria,Doctor
Pedro,Professor
Wilow,Doctor
Deidre,Singer
Barnaby,Singer
Erroll,Actor
Wilow,Professor
Elva,Professor
Cari,Actor
Oates,Singer
Sandy,Singer
Edouard,Doctor
Jackie,Professor
Galina,Professor
Tadio,Singer
Dael,Singer
Sebastiano,Actor
Erin,Actor
Gregg,Singer
Andie,Singer
Faythe,Actor
Sigismondo,Doctor
Wainwright,Professor
Dori,Professor
Paten,Singer
Pascale,Professor
Corty,Singer
Sancho,Professor
Krystal,Singer
Rey,Singer
Janeva,Actor
Imelda,Professor
Eberto,Professor
Kele,Singer
Shae,Singer
Itch,Singer
Carlotta,Doctor
Deni,Actor
Phylis,Actor
Andriette,Singer
Oriana,Actor
Mirella,Singer
Dodie,Doctor
Konstantine,Singer
Cecilius,Singer
Martynne,Doctor
Gabrielle,Singer
Dav,Singer
Quintilla,Singer
Corabella,Singer
Luciano,Doctor
Gustavus,Singer
Base,Professor
Stefa,Professor
Brit,Doctor
Stanleigh,Professor
Bernardina,Singer
Britni,Singer
Madelaine,Actor
Briggs,Singer
Felita,Doctor
Tonye,Actor
Nata,Singer
Kelci,Singer
Kathy,Singer
Lyman,Singer
Jenilee,Doctor
Vinnie,Doctor
Georgeanne,Professor
Franz,Professor
Millicent,Singer
Garth,Professor
Eduardo,Singer
Bord,Doctor
Mohammed,Professor
Vassili,Doctor
Joete,Doctor
Charmane,Doctor
Esta,Actor
Cullen,Professor
Moyra,Doctor
Kristal,Professor
Teddie,Singer
Francklyn,Singer
Eleanore,Singer
Jacenta,Singer
Avictor,Professor
Ardelia,Actor
Carmella,Actor
Chariot,Professor
Felecia,Singer
Leigh,Singer
Harman,Doctor
Gifford,Singer
Gretal,Actor
Nikki,Actor
Dulcie,Actor
Rica,Singer
Clarence,Professor
Denni,Doctor
Crawford,Singer
Abbie,Actor
Cory,Singer
Alleen,Professor
Erie,Professor
Sadie,Singer
Mose,Singer
Nappie,Singer
Eadie,Singer
Nertie,Professor
Ginger,Actor
Udall,Professor
Hatti,Actor
Hinda,Professor
Harwell,Singer
Imelda,Professor
Natalya,Doctor
Raimund,Professor
Nicola,Professor
Allyson,Actor
Opalina,Professor
Homerus,Actor
Lois,Professor
Daisi,Professor
Barbra,Professor
Lind,Singer
Helenelizabeth,Singer
Bord,Singer
Neddie,Actor
Korella,Professor
Venus,Actor
Tulley,Singer
Korry,Singer
Jolyn,Professor
Wilhelmine,Professor
Elwin,Doctor
Noach,Singer
Cointon,Professor
Winne,Actor
Corrine,Singer
Lia,Professor
Nadia,Professor
Bianka,Actor
Stan,Actor
Jean,Doctor
Ferrel,Singer
Manuel,Professor
Natal,Professor
Norrie,Professor
Morrie,Actor
Cherie,Singer
Morton,Actor
Amalie,Professor
Angus,Doctor
Roxie,Professor
Bail,Singer
Clair,Actor
Amby,Singer
Gasparo,Actor
Samaria,Professor
Cindra,Singer
Hamid,Actor
Junia,Doctor
Brennen,Professor
Kelly,Actor
Babb,Singer
Mersey,Professor
Eugine,Actor
Alwyn,Singer
Lotty,Doctor
Justinn,Professor
Turner,Singer
Fanechka,Actor
Alphonse,Singer
Melodee,Professor
Wallas,Actor
Beilul,Professor
Claudia,Professor
Brian,Actor
Rania,Professor
Bay,Professor
Shaughn,Professor
Sallee,Actor
Sharai,Singer
Lorry,Professor
Codie,Doctor
Noelani,Actor
Walther,Professor
Doug,Singer
Sigismondo,Actor
Arleyne,Professor
Sofie,Professor
Tiffi,Professor
Derek,Professor
Camilla,Doctor
Sarene,Singer
Sven,Actor
Bart,Singer
Amara,Actor
Orland,Actor
Thatch,Professor
Napoleon,Actor
Marjory,Professor
Riobard,Singer
Lorry,Singer
Langston,Singer
Merrick,Doctor
Cesar,Professor
Jordanna,Singer
Sharity,Doctor
Carey,Actor
Trula,Actor
Pauletta,Doctor
Mady,Singer
Clemente,Professor
Berthe,Singer
Rachele,Actor
Fowler,Singer
Bobby,Singer
Tracie,Actor
Angel,Singer
Chester,Professor
Edithe,Singer
Malcolm,Actor
Robby,Actor
Martelle,Actor
Willie,Singer
Marian,Singer
Desiree,Professor
Codee,Singer
Anthia,Singer
Harland,Singer
Moreen,Professor
Ansell,Singer
Abraham,Professor
Genvieve,Professor
Giacobo,Doctor
Pet,Singer
Robbi,Actor
Tara,Actor
Sheela,Singer
Normie,Professor
Margareta,Professor
Kaja,Singer
Cristal,Professor
Bradan,Singer
Gaye,Singer
Thadeus,Singer
Der,Professor
Janifer,Singer
Kimble,Professor
Humfried,Singer
Stormi,Actor
Edin,Actor
Natassia,Professor
Talyah,Singer
Deena,Professor
Alanson,Professor
Afton,Singer
Lilas,Singer
Arie,Actor
Queenie,Singer
Gerianna,Professor
Penny,Singer
Easter,Singer
Kennan,Professor
Moria,Professor
Dorian,Singer
Ally,Singer
Jodi,Professor
Cammie,Singer
Kenon,Actor
Guglielma,Professor
Eleanora,Doctor
Colman,Actor
Duffie,Professor
Emilie,Actor
Annadiana,Doctor
Sheff,Singer
Romola,Professor
Leora,Singer
Rickie,Professor
Ludovico,Professor
Rube,Professor
Damon,Actor
Michel,Actor
Analise,Singer
Sigfried,Professor
Meris,Doctor
Blane,Singer
Zacherie,Singer
Theobald,Doctor
Raynor,Professor
Iggie,Doctor
Callie,Professor
Fanchette,Actor
Waring,Doctor
Millard,Singer
Hazel,Singer
Corinne,Singer
Lanita,Singer
Corabella,Actor
Ursula,Actor
Nate,Doctor
Brockie,Actor
Allx,Actor
Anabel,Singer
Amargo,Professor
Lilian,Professor
Fernando,Actor
Shauna,Singer
Nap,Actor
Carol,Actor
Elton,Doctor
Jasen,Singer
Alicea,Singer
Wade,Professor
Ignazio,Professor
Tootsie,Professor
Sydney,Singer
Idalina,Professor
Burty,Doctor
Gordy,Singer
Putnem,Singer
Beverie,Doctor
Jeanna,Singer
Kimball,Professor
Isahella,Actor
Camellia,Doctor
Wilfred,Professor
Tonya,Actor
Dalia,Singer
Brenda,Actor
Franz,Singer
Ilaire,Singer
Brittan,Singer
Kathrine,Doctor
Urbain,Professor
Heindrick,Actor
Cordi,Doctor
Yank,Singer
Webster,Professor
Katerina,Singer
Irma,Actor
Roberto,Singer
Alwyn,Actor
Timotheus,Actor
Vere,Professor
Morie,Actor
Hyman,Doctor
Wandie,Singer
Abbie,Singer
Rickard,Actor
Bendite,Doctor
Inness,Professor
Ewen,Singer
Rosalynd,Actor
Boyd,Actor
Dianemarie,Singer
Amalle,Actor
Bonnie,Actor
Sayres,Singer
Arther,Actor
Domeniga,Singer
Andie,Doctor
Jaimie,Actor
Nickolas,Singer
Giusto,Singer
Jacklin,Singer
Kimmy,Singer
Calvin,Singer
Care,Actor
Vivien,Singer
Kiley,Actor
Rolfe,Professor
Celisse,Singer
Rae,Actor
Roman,Professor
Ailee,Actor
Ram,Actor
Ginni,Actor
Arabele,Professor
Marne,Singer
Yurik,Singer
Buddie,Singer
Judith,Singer
Dre,Doctor
Freeman,Singer
Consalve,Actor
Davie,Doctor
Kettie,Doctor
Tailor,Singer
Tarra,Actor
Zed,Actor
Ewell,Actor
Alisa,Singer
Cori,Actor
Moishe,Professor
Becki,Singer
Derron,Professor
Nicolle,Singer
Iain,Professor
Barris,Singer
Emilee,Professor
Joshua,Professor
Jammal,Actor
Benetta,Professor
Curran,Professor
Nanni,Singer
Rona,Singer
Ashia,Actor
Jolynn,Singer
Austin,Singer
Jesse,Professor
Gloriane,Singer
Darrick,Professor
Ulric,Professor
Darline,Singer
Edita,Doctor
Hervey,Actor
Ernie,Doctor
Archibaldo,Doctor
Jemmy,Professor
Dorothy,Singer
Adham,Actor
Elinore,Singer
Frederique,Actor
Andrei,Singer
Ikey,Actor
Lanette,Doctor
Lesley,Singer
Reuben,Doctor
Gardie,Actor
Faith,Actor
Shawn,Singer
Kellen,Singer
Millard,Professor
Harrietta,Professor
Sherm,Actor
Isabelita,Doctor
Donetta,Singer
Clayson,Actor
Johnette,Doctor
Doris,Professor
Denys,Actor
Alasdair,Actor
Kamillah,Doctor
Conny,Doctor
Annaliese,Singer
Frederick,Doctor
Ronnie,Actor
Alexio,Actor
Sybil,Singer
Kaile,Singer
Brunhilde,Doctor
Ricky,Actor
Birdie,Actor
Heindrick,Singer
Webster,Professor
Breanne,Professor
Jo-ann,Actor
Hestia,Singer
Mylo,Doctor
Abe,Singer
Shanie,Actor
Chancey,Actor
Jaclyn,Singer
Savina,Singer
Ursula,Singer
Roger,Professor
Alfi,Doctor
Camey,Professor
Valerie,Professor
Ingmar,Professor
Boniface,Singer
Layla,Actor
Angie,Actor
Darrel,Doctor
Lexis,Actor
Joanna,Doctor
Jeremie,Professor
Lora,Singer
Stepha,Professor
Joe,Doctor
Lana,Actor
Aurie,Actor
Cyndie,Professor
Carl,Doctor
Nestor,Actor
Millie,Professor
Dorrie,Actor
Fairfax,Professor
Spense,Professor
Rod,Actor
Harry,Singer
Asa,Actor
Yuma,Actor
Lind,Actor
Karoline,Professor
Rhiamon,Singer
Torre,Actor
Frankie,Professor
Eugine,Actor
Nicolas,Doctor
Becca,Singer
Madlin,Actor
Juliette,Professor
Vanessa,Singer
Elinore,Actor
Tim,Professor
Pet,Professor
Lou,Singer
Caroline,Singer
Jeffry,Doctor
Anjela,Actor
Reed,Professor
Dallas,Actor
Toddy,Actor
Katalin,Doctor
Arlen,Professor
Wandie,Singer
Alyce,Professor
Owen,Actor
Christophorus,Singer
Rachele,Professor
Elianore,Singer
Ursula,Professor
Giuditta,Professor
Durant,Actor
Morry,Actor
Leighton,Professor
Violette,Singer
Ralina,Actor
Krissy,Professor
Lem,Singer
Urban,Doctor
Jonathon,Professor
Celina,Professor
Kimmi,Actor
Sofia,Actor
Estella,Actor
Joell,Singer
Raff,Professor
Bill,Actor
Felice,Singer
Sal,Singer
Ana,Professor
Mort,Professor
Carney,Actor
Dell,Doctor
Fraze,Singer
Ginger,Singer
Barnie,Actor
Lionello,Doctor
Kennie,Doctor
Ronalda,Singer
Riley,Singer
Jacynth,Actor
Aylmar,Actor
Howie,Singer
Ilise,Professor
Danit,Actor
Gisella,Singer
Odilia,Professor
Winfred,Actor
Clarice,Professor
Susana,Doctor
Ailyn,Professor
Meggie,Singer
Aubrey,Singer
Justus,Doctor
Bliss,Singer
Corrinne,Professor
Emanuele,Professor
Wilmette,Actor
Javier,Professor
Neron,Actor
Naoma,Singer
Wat,Singer
Newton,Doctor
Jed,Singer
Koralle,Singer
Flora,Actor
Elberta,Professor
Paula,Singer
Court,Professor
Josey,Professor
Maris,Doctor
Ivory,Singer
Gnni,Actor
Gene,Professor
Devonne,Professor
Elana,Professor
Sibylla,Actor
Araldo,Doctor
Donetta,Singer
Arvin,Professor
Royall,Actor
Ellyn,Singer
Elbertine,Doctor
Dyann,Singer
Quinton,Actor
Curcio,Actor
Cherlyn,Actor
Cherianne,Singer
Warner,Doctor
Devondra,Actor
Walther,Actor
Iona,Actor
Buiron,Professor
Bartie,Professor
Phillipp,Singer
Bat,Professor
Etta,Professor
Yovonnda,Professor
Alvina,Actor
Felicity,Actor
Sandor,Doctor
Waite,Doctor
Avictor,Doctor
Samaria,Actor
Gaelan,Actor
Nancee,Singer
Carmon,Singer
Ignacius,Doctor
Annmaria,Professor
Lyndell,Professor
Melli,Professor
Ferrell,Singer
Isahella,Singer
Westbrook,Singer
Berthe,Actor
Aida,Singer
Lydon,Actor
Maximilien,Actor
Birdie,Singer
Valry,Professor
Ware,Singer
Teena,Singer
Xylina,Actor
Dorothy,Actor
Faber,Singer
Waverley,Actor
Simona,Professor
Mohandis,Singer
Fianna,Singer
Tildie,Professor
Saxon,Singer
Norine,Actor
Dorothy,Professor
Alica,Professor
Cointon,Professor
Nathanil,Professor
Seymour,Doctor
Bethanne,Professor
Doralyn,Actor
Rowe,Singer
Rikki,Singer
Eda,Singer
Nichole,Doctor
Gregor,Professor
Willy,Actor
Marney,Actor
Bert,Doctor
Ibrahim,Doctor
Dottie,Actor
Karol,Doctor
Neall,Professor
Beryl,Singer
Dwight,Professor
Emelda,Doctor
Bettye,Actor
Brande,Singer
Humfrey,Singer
Cherlyn,Actor
Benito,Actor
Bettina,Singer
Tanitansy,Professor
Merry,Singer
Heidi,Singer
Bertram,Professor
Winthrop,Singer
Genia,Doctor
Marlo,Singer
Kingston,Doctor
Tiebout,Singer
Lonnard,Doctor
Elihu,Actor
Gael,Actor
Alanna,Professor
Martino,Doctor
Killy,Doctor
Melli,Singer
Reinwald,Singer
Zolly,Actor
Kenneth,Singer
Marcia,Singer
Glenda,Singer
Norrie,Doctor
Lilas,Professor
Orren,Actor
Demott,Professor
Alverta,Singer
Garfield,Professor
Palmer,Actor
Saudra,Professor
Olly,Professor
Christoffer,Singer
Caroljean,Singer
Amie,Professor
Cris,Actor
Ricardo,Singer
Nicola,Professor
Nichole,Singer
Rebecca,Actor
Desi,Doctor
Jody,Actor
Adorne,Singer
Lisa,Singer
Alec,Professor
Marketa,Singer
Riley,Professor
Merrily,Professor
Chen,Singer
Cissiee,Singer
Lynne,Singer
Avram,Actor
Mariejeanne,Doctor
Jesse,Doctor
Clair,Actor
Clary,Professor
Huntley,Professor
Georgia,Actor
Dee,Professor
Karlene,Actor
Norrie,Professor
Julius,Professor
Adrian,Professor
Tate,Actor
Letitia,Doctor
Roseanne,Doctor
Athene,Singer
Sheri,Professor
Allys,Doctor
Georgeanne,Singer
Lavinie,Singer
Martino,Professor
Clemmie,Singer
Darelle,Professor
Vilhelmina,Professor
Alicia,Actor
Leese,Actor
Amalie,Actor
Caitrin,Singer
Rosaleen,Singer
Nester,Professor
Monro,Professor
Liliane,Actor
Johnathan,Doctor
Marge,Professor
Oberon,Singer
Lemmie,Actor
Liana,Professor
Irena,Professor
Carolynn,Professor
Misha,Doctor
Mureil,Professor
Teresa,Singer
Thea,Singer
Collete,Singer
Maisey,Professor
Selie,Doctor
Tina,Singer
Garry,Professor
Datha,Professor
Albrecht,Actor
Anissa,Singer
Loralie,Doctor
Baxy,Doctor
Had,Professor
Moritz,Singer
Ebonee,Singer
Marcellina,Singer
Udell,Professor
Myra,Singer
Northrup,Singer
Morry,Singer
Raven,Doctor
Putnam,Professor
Carma,Professor
Lewes,Professor
Demetra,Professor
Farrah,Singer
Jinny,Singer
Goddard,Singer
Lindsy,Actor
Antin,Doctor
Lisle,Actor
Emmie,Doctor
Tadeo,Professor
Antonie,Professor
Jamie,Professor
Darcy,Singer
Hermine,Singer
Gabbie,Singer
Kelli,Doctor
Kerry,Actor
Rosemaria,Doctor
Lindy,Singer
Read,Singer
Witty,Singer
Camille,Actor
Nata,Singer
Dunstan,Actor
Arman,Singer
Hermann,Actor
Iggy,Doctor
Vergil,Singer
Ban,Professor
Ileana,Doctor
Hanan,Actor
Nonna,Actor
Catharine,Singer
Adam,Singer
Brannon,Actor
Ivett,Doctor
Thorstein,Actor
Lon,Professor
Marcelia,Actor
Elly,Singer
Mag,Doctor
Cristina,Singer
Claudian,Professor
Caitlin,Professor
Jessi,Singer
Antonius,Doctor
Maureene,Singer
Thatcher,Actor
Timmie,Singer
Hubert,Professor
Wanda,Doctor
Franni,Singer
Arlee,Professor
Cristi,Professor
Trever,Actor
Alley,Singer
Catarina,Singer
Pietro,Actor
Teddie,Actor
Irwin,Singer
Thaine,Professor
Randene,Doctor
Marijo,Singer
Merissa,Singer
Tirrell,Singer
Catlin,Professor
Miran,Singer
Jemmie,Singer
Kimberlyn,Doctor
Martyn,Doctor
Babette,Actor
Loren,Professor
Lilian,Doctor
Brade,Professor
Minne,Professor
Julie,Professor
Vida,Actor
Elsie,Singer
Malvin,Singer
Crista,Actor
Ingram,Singer
Margarita,Singer
Quentin,Professor
Alleen,Professor
Darrell,Professor
Alick,Professor
Barrie,Singer
Merridie,Professor
Neill,Singer
Alair,Doctor
Hilde,Professor
Rani,Singer
Danit,Professor
Josefa,Doctor
Ashil,Singer
Dorian,Actor
Freeman,Singer
Isak,Singer
Lamont,Actor
Odette,Professor
Malissia,Professor
Jenica,Actor
Aliza,Doctor
Purcell,Singer
Mellisa,Singer
Tallie,Singer
Dukie,Doctor
Neddy,Professor
Mikol,Singer
Magnum,Professor
Matthus,Singer
Neddy,Professor
Charmaine,Singer
Land,Actor
Jarrod,Actor
Suzette,Actor
Theodora,Actor
Dav,Actor
Chiquita,Doctor
Irving,Actor
Feliks,Professor
Rennie,Professor
Liane,Actor
Klara,Professor
Brittne,Professor
Charin,Singer
Meagan,Singer
Dana,Doctor
Consuela,Singer
Vincenz,Professor
Kathi,Doctor
Armin,Actor
Evie,Singer
Valentine,Professor
Hymie,Doctor
Burlie,Doctor
Guthry,Doctor
Dulcine,Actor
Jeana,Actor
Allayne,Professor
Bridie,Professor
Gladi,Doctor
Brittani,Singer
Phyllys,Doctor
Verene,Actor
Normie,Doctor
Hermina,Singer
Denver,Singer
Merl,Singer
Hedwig,Singer
Ardith,Singer
Frederich,Singer
Eugenio,Doctor
Rozella,Professor
Dennis,Singer
Foss,Actor
Brinn,Actor
Alyce,Professor
Joelie,Singer
Kean,Singer
Becki,Actor
Oona,Singer
Ly,Actor
Laurene,Singer
Lucias,Singer
Ulick,Singer
Cly,Singer
