1,Duff,30
2,Court,100
3,Meryl,69
4,Derry,34
5,Blisse,75
6,Janette,80
7,Iago,94
8,Michelle,6
9,Tilly,59
10,Lianna,72
11,Khalil,82
12,Buckie,82
13,Esmaria,59
14,Dolorita,21
15,Alex,87
16,Dodie,34
17,Rosy,49
18,Charil,55
19,Enid,36
20,Darya,61
21,Dulcy,50
22,Bernete,22
23,Hale,4
24,Darrelle,95
25,Walton,92
26,Crichton,61
27,Calhoun,12
28,Shannon,65
29,Robert,75
30,Briana,48
31,Kass,26
32,Brantley,23
33,Stacee,50
34,Eugenio,95
35,Lian,97
36,Haleigh,15
37,Emory,40
38,Nerte,11
39,Boycey,83
40,Ulrikaumeko,63
41,Augusta,63
42,Sheff,82
43,Roby,41
44,Margalit,80
45,Ingrim,23
46,Zachariah,63
47,Tamma,71
48,Lowe,28
49,Osbourne,1
50,Sol,74
51,Val,64
52,Ainsley,99
53,Nerte,33
54,Nikos,61
55,Chaddy,76
56,Pennie,17
57,Renate,100
58,Carline,55
59,Caz,64
60,Orly,94
61,Damara,44
62,Moll,27
63,Nelle,32
64,Hailee,88
65,Drew,96
66,Boycey,19
67,Chase,33
68,Valerie,52
69,Carolynn,9
70,Earle,12
71,Mortimer,28
72,Madelina,46
73,Alexandros,92
74,Gunar,81
75,Del,37
76,Olympia,46
77,Teddy,43
78,Thoma,99
79,Lorne,64
80,Selina,46
81,Crystal,35
82,Rafaello,45
83,Andree,71
84,Manuel,16
85,Editha,9
86,Iona,10
87,Lindy,59
88,Mohandas,64
89,Tara,27
90,Leeland,15
91,Tildi,90
92,Vick,39
93,Anna-maria,55
94,Aluin,66
95,Myrlene,23
96,Cordelie,100
97,Sher,61
98,Red,39
99,Bat,92
100,Allsun,19
101,Katerine,67
102,Ynes,45
103,Maye,22
104,Florry,22
105,Hephzibah,43
106,Granny,11
107,Garrot,7
108,Gerome,69
109,Leeann,54
110,Burton,32
111,Hildy,79
112,Val,4
113,Debor,87
114,Lilyan,3
115,Mitchell,77
116,Nisse,61
117,Kenny,27
118,Courtnay,57
119,Candy,67
120,Caritta,88
121,Camey,27
122,Orlan,14
123,Dorey,61
124,Abbye,27
125,Kizzee,85
126,Jody,17
127,Rickert,8
128,Dieter,19
129,Cathrin,10
130,Libby,57
131,Miquela,82
132,Bliss,37
133,Petra,12
134,Sammy,4
135,Joey,76
136,Vittoria,7
137,Chadwick,70
138,Felita,76
139,Nell,93
140,Antonietta,49
141,Nealson,76
142,Homere,97
143,Elisha,71
144,Kristin,39
145,Denney,34
146,Issiah,63
147,Bonita,87
148,Jacques,65
149,Carling,16
150,Giacobo,1
151,Malina,14
152,Madelyn,75
153,Jacki,18
154,Trev,24
155,Tobias,66
156,Cross,70
157,Brant,63
158,Tierney,14
159,Luelle,66
160,Ania,43
161,Eugine,91
162,Siana,20
163,Fleurette,49
164,Nicky,27
165,Avie,70
166,Richy,98
167,Lannie,80
168,Celene,73
169,Gladys,14
170,Vannie,85
171,Berkie,95
172,Derry,18
173,Mirabella,67
174,Launce,11
175,Jodee,76
176,Gilbertine,24
177,Marrissa,40
178,Shane,77
179,Loy,44
180,Cirillo,82
181,Ludovico,58
182,Naomi,11
183,Janene,15
184,Pavla,85
185,Daniel,98
186,Alica,15
187,Henriette,50
188,Wynn,95
189,Denni,72
190,Betta,43
191,Dyann,93
192,Bethany,12
193,Correy,67
194,Arny,54
195,Loleta,11
196,Darsie,99
197,Dix,73
198,Emmalee,46
199,Purcell,91
200,Fremont,67
201,Reider,3
202,Ignacio,87
203,Carmelita,43
204,Cele,79
205,Minetta,96
206,Clarine,45
207,Blondell,23
208,Veronika,89
209,Gabriel,5
210,Marna,42
211,Ab,86
212,Gene,59
213,Kevyn,78
214,Jecho,85
215,Heddie,44
216,Yoko,9
217,Jack,39
218,Boy,13
219,Valeda,95
220,Pammy,70
221,Rivalee,10
222,Onofredo,54
223,Leone,49
224,Sergeant,38
225,Filippa,40
226,Antone,77
227,Kale,58
228,Fanny,77
229,Lorene,78
230,Evvy,98
231,Clemmy,58
232,Willdon,23
233,Sean,83
234,Julie,35
235,Lyn,60
236,Franz,62
237,Minta,14
238,Fabian,88
239,Malinde,16
240,Denny,71
241,Gretchen,53
242,Donna,100
243,Myron,52
244,Weston,67
245,Shae,76
246,Lucius,5
247,Jaime,56
248,Nikoletta,46
249,Heida,80
250,Rachael,41
251,Adam,11
252,Northrup,3
253,Milka,1
254,Glennie,27
255,Elfrida,33
256,Akim,76
257,Dasya,23
258,Urbanus,10
259,Charisse,27
260,Martita,71
261,Donall,86
262,Gianni,4
263,Penny,43
264,Avie,12
265,Preston,9
266,Giorgia,62
267,Devon,50
268,Berty,10
269,Astrix,35
270,Winfield,29
271,Rosmunda,44
272,Homerus,40
273,Claude,8
274,Trish,50
275,Ari,3
276,Gisella,12
277,Karlotta,89
278,Lelia,99
279,Vinnie,39
280,Bamby,82
281,Afton,67
282,Paula,34
283,Emmalynne,20
284,Colet,20
285,Jesse,39
286,Mitzi,55
287,Ellerey,70
288,Celia,45
289,Chelsae,39
290,Letty,59
291,Hew,13
292,Randene,93
293,Nonnah,100
294,Michaeline,11
295,Kiah,43
296,Gene,98
297,Suzanne,10
298,Trix,99
299,Nadya,29
300,Junie,50
301,Belita,71
302,Shelly,27
303,Fanchon,67
304,Kinny,69
305,Jerrine,31
306,Carlotta,16
307,Collie,52
308,Valentia,73
309,Wilma,41
310,Morgen,70
311,Lianna,66
312,Hillier,84
313,Basil,28
314,Jacky,79
315,Abbie,9
316,Zeke,3
317,Benny,75
318,Arlie,5
319,Moss,5
320,Dela,68
321,Kerrin,95
322,Birch,65
323,Clare,43
324,Faunie,32
325,Guthrie,87
326,Rowen,63
327,Tonie,38
328,Steward,42
329,Gerrilee,49
330,Clo,57
331,Suzette,35
332,Nydia,39
333,Walker,97
334,Dov,16
335,Jsandye,53
336,Ramon,34
337,Alexi,50
338,Cordi,1
339,Flynn,69
340,Bruno,45
341,Nicky,79
342,Andie,11
343,Claudian,33
344,Latashia,78
345,Noel,13
346,Dud,88
347,Ira,60
348,Marcus,51
349,Brandice,53
350,Charlot,76
351,Derby,33
352,Tonya,35
353,Carmelle,63
354,Jase,13
355,Casper,50
356,Valentino,46
357,Dore,45
358,Jabez,7
359,Sophey,31
360,Clary,22
361,Lotti,29
362,Dalis,25
363,Rhianon,58
364,Bail,95
365,Davine,53
366,Charo,9
367,Silvanus,4
368,Myca,65
369,Rodrique,53
370,Sapphire,25
371,Aaron,76
372,Arleta,71
373,Casey,99
374,Birch,11
375,Romain,99
376,Brita,84
377,Clementine,94
378,Vania,91
379,Merridie,6
380,Roddie,33
381,Bertha,83
382,Rutherford,51
383,Gaven,57
384,Baxie,41
385,Gusti,18
386,Brock,54
387,Meaghan,65
388,Darill,31
389,Latashia,40
390,Mercie,8
391,Baldwin,39
392,Row,57
393,Hadria,40
394,Ivie,77
395,Elwood,26
396,Merilyn,51
397,Abby,81
398,Evangelia,80
399,Ximenez,91
400,Gabbi,84
401,Ulrikaumeko,43
402,Zsazsa,84
403,Nelly,26
404,Jared,76
405,Demetris,67
406,Nerty,70
407,Tracie,86
408,Gerhardt,68
409,Sayer,91
410,Pamelina,78
411,Brnaba,92
412,Bradford,29
413,Letisha,12
414,Orly,15
415,Halli,61
416,Joanne,36
417,Darrell,86
418,Erina,16
419,Tallie,68
420,Lauren,10
421,Arnie,6
422,Ivan,26
423,Wildon,24
424,Adaline,74
425,Skip,87
426,Jan,13
427,Raynell,30
428,Julee,84
429,Benedick,54
430,Merrili,60
431,Merrili,1
432,Nils,98
433,Corabelle,86
434,Gasparo,3
435,Ester,32
436,Lulu,3
437,Iorgos,43
438,Murielle,98
439,Niccolo,98
440,Cairistiona,28
441,Norri,88
442,Ealasaid,39
443,Linnie,96
444,Brendin,38
445,Dorree,39
446,Randolph,70
447,Minda,44
448,Kari,28
449,Alexio,97
450,Ellery,20
451,Doris,84
452,Danica,48
453,Miner,28
454,Berenice,96
455,Hannie,5
456,Rossy,40
457,Dario,39
458,Zacharias,78
459,Griffy,54
460,Meryl,37
461,Anthea,49
462,Janaye,82
463,Dita,2
464,Jesse,9
465,Cosimo,59
466,Dennis,82
467,Kasper,79
468,Burnaby,20
469,Blakelee,95
470,Alistair,59
471,Jeanie,94
472,Shell,99
473,Cammie,95
474,Sofia,36
475,Hart,63
476,Kati,96
477,Llywellyn,45
478,Kassey,20
479,Rolando,28
480,Nonie,77
481,Maitilde,24
482,Dael,11
483,Siana,75
484,Nevin,37
485,Bent,95
486,Joice,84
487,Guntar,13
488,Florry,76
489,Gannon,28
490,Linda,23
491,Mellisa,17
492,Annemarie,90
493,Valentino,34
494,Erika,75
495,Reider,44
496,Elvera,97
497,Tadd,27
498,Candace,22
499,Gerti,81
500,Lyman,2
501,Eugenio,68
502,Cy,61
503,Randi,69
504,Mahala,27
505,Brunhilde,91
506,Peg,4
507,Nellie,21
508,Gabrila,30
509,Darell,63
510,Carlo,39
511,Viva,39
512,Maegan,97
513,Lexie,43
514,Heriberto,9
515,Lucien,35
516,Daisy,8
517,Edgar,65
518,Benji,44
519,Harriot,88
520,Darci,84
521,Friedrich,76
522,Elke,8
523,Sigfried,43
524,Mariam,86
525,Lanae,28
526,Marcelia,65
527,Thomasina,44
528,Isabelle,10
529,Jorey,18
530,Johannah,90
531,Jaimie,50
532,Kasey,40
533,Consolata,3
534,Gilli,5
535,Noach,77
536,Templeton,85
537,Cynthia,77
538,Peterus,96
539,Robinett,82
540,Carie,81
541,Nanice,62
542,Eleanore,98
543,Lanni,85
544,Freddy,97
545,Rozelle,40
546,Marcellina,40
547,Claudell,36
548,Jaymee,97
549,Kailey,33
550,Moritz,96
551,Zebadiah,46
552,Reginauld,75
553,Retha,47
554,Ninon,54
555,Paulette,1
556,Sonnnie,43
557,Loy,21
558,Kelsy,41
559,Arney,17
560,Allister,17
561,Aura,96
562,Charlean,78
563,Margot,45
564,Aubrey,3
565,Tucky,47
566,Anabal,7
567,Erma,63
568,Marilin,3
569,Ginelle,56
570,Harry,91
571,Gabi,58
572,Syman,45
573,Adolphus,61
574,Aloysia,59
575,Trstram,80
576,Alastair,66
577,Timmi,33
578,Sandy,24
579,Kristy,21
580,Chase,61
581,Carol,75
582,Ursa,9
583,Montgomery,21
584,Haleigh,53
585,Timothee,49
586,Silvain,1
587,Arlina,62
588,Randolf,85
589,Valli,60
590,Cristobal,70
591,Gran,58
592,Deedee,92
593,Harris,59
594,Noble,23
595,Sallyanne,53
596,Alanson,95
597,Yasmeen,36
598,Barb,85
599,Cordie,8
600,Brandi,69
601,Chadwick,38
602,Rosalyn,79
603,Arline,76
604,Genny,87
605,Rollie,3
606,Kelley,92
607,Oneida,66
608,Eimile,83
609,Lucia,64
610,Gav,63
611,Estele,22
612,Ashli,51
613,Kalina,99
614,Rosemaria,7
615,Cordelie,45
616,Annelise,46
617,Yevette,49
618,Mehetabel,56
619,Sibyl,70
620,Ellene,34
621,Terri,11
622,Neron,33
623,Lorette,19
624,Juliann,25
625,Emmeline,13
626,Henka,45
627,Nat,50
628,Ferdinande,2
629,Emmye,58
630,Elsi,36
631,Lindsey,48
632,Willy,72
633,Elnore,53
634,Raimondo,93
635,Balduin,52
636,Byran,43
637,Ivett,21
638,Denise,48
639,Marline,21
640,Michaella,88
641,Lesya,90
642,Nikolas,93
643,Stacey,38
644,Patty,52
645,Gustav,41
646,Rosy,39
647,Tillie,53
648,Dana,62
649,Hyacintha,17
650,Laverna,37
651,Chaddy,88
652,Rebeca,74
653,Cosette,4
654,Elbertine,51
655,Nappy,98
656,Trista,16
657,Meridith,81
658,Xena,35
659,Eldon,76
660,Rudiger,7
661,Bianca,86
662,Layney,40
663,Moll,51
664,Elmira,84
665,Saunders,96
666,Sandor,64
667,Van,83
668,Bonnee,2
669,Hillary,7
670,Weber,64
671,Johnna,45
672,Sheri,16
673,Isac,98
674,Tracee,30
675,Blake,97
676,Marianne,25
677,Lethia,97
678,Merrie,22
679,Carver,46
680,Paolo,75
681,Elden,63
682,Mack,82
683,Aguie,65
684,Marj,37
685,Ky,55
686,Vivianna,77
687,Terrye,98
688,Collie,85
689,Genevra,76
690,Ximenez,22
691,Kori,65
692,Angelique,16
693,Sibby,59
694,Alisun,41
695,Rubin,85
696,Franzen,66
697,Wat,79
698,Cynthia,51
699,Vittoria,4
700,Kettie,79
701,Peri,41
702,Jamal,73
703,Crissy,64
704,Gennifer,67
705,Petrina,38
706,Tamar,73
707,Shanon,58
708,Revkah,80
709,Nicholle,81
710,Agnesse,16
711,Angelle,35
712,Daron,5
713,Gilly,50
714,Meyer,39
715,Jodi,86
716,Link,30
717,Petronilla,94
718,Kevon,14
719,Montague,85
720,Ynes,92
721,Julie,62
722,Dodie,35
723,Nobie,65
724,Lora,80
725,Carita,33
726,Adriena,43
727,Hilliary,65
728,Coleen,5
729,Radcliffe,43
730,Benedicta,68
731,Oralla,42
732,Avis,38
733,Witty,14
734,Bernie,18
735,Elysee,63
736,Cherice,82
737,Barbabas,26
738,Lucretia,53
739,Yankee,29
740,Tera,65
741,Toby,7
742,Onfroi,74
743,Chadwick,58
744,Zenia,49
745,Bertie,91
746,Wilburt,15
747,Dorise,93
748,Dennis,24
749,Stevana,37
750,Bryant,6
751,Dorice,18
752,Lucretia,88
753,Harlan,2
754,Hervey,57
755,Hayden,4
756,Tobie,6
757,Derry,21
758,Jocelyn,29
759,Paolina,64
760,Roxie,57
761,Zacherie,100
762,Marillin,14
763,Lurette,52
764,Rubetta,17
765,Jasmina,100
766,Legra,1
767,Les,98
768,Iris,67
769,Lee,92
770,Gratia,94
771,Drucy,78
772,Frederich,96
773,Grantham,47
774,Garvy,5
775,Marcellina,22
776,Odilia,46
777,Colline,86
778,Iver,28
779,Elita,55
780,Jemmie,70
781,Harvey,8
782,Angeli,52
783,Mariya,70
784,Alyse,4
785,Warde,50
786,Emalia,8
787,Gaylor,91
788,Iain,26
789,Elena,44
790,Camella,61
791,Lettie,88
792,Jacquenette,16
793,Teresa,65
794,Westbrook,2
795,Ulysses,2
796,Leticia,13
797,Aleda,93
798,Josy,63
799,Tansy,2
800,Morry,12
801,Erwin,90
802,Nicolai,11
803,Collen,26
804,Rois,12
805,Harmonie,2
806,Ody,40
807,Sile,16
808,Lynda,89
809,Ailsun,46
810,Allistir,94
811,Myrilla,4
812,Lethia,11
813,Rhona,75
814,Marni,40
815,Gussy,96
816,Adelheid,73
817,Prissie,79
818,Rainer,43
819,Darda,42
820,Katuscha,12
821,Adrianne,18
822,Fons,77
823,Agata,62
824,Jayme,76
825,Wini,56
826,Yehudit,54
827,Allistir,93
828,Cash,34
829,Karalynn,74
830,Amye,36
831,Ransom,16
832,Alfy,24
833,Cosme,99
834,Lexis,79
835,Shep,50
836,Willem,67
837,Sherri,21
838,Leta,54
839,Trefor,37
840,Kort,75
841,Inness,72
842,Bronnie,61
843,Sammy,26
844,Lori,92
845,Thaxter,77
846,Aldous,67
847,Melloney,78
848,Vanny,87
849,Jane,66
850,Holden,76
851,Sena,43
852,Rhody,56
853,Heidi,15
854,Oralie,79
855,Natalie,71
856,Clemmy,2
857,Niven,21
858,Raye,11
859,Borg,38
860,Robin,15
861,Rourke,38
862,Colin,91
863,Wernher,1
864,Brockie,49
865,Dena,42
866,Cristie,100
867,Zea,47
868,Griselda,21
869,Oralle,79
870,Westbrooke,69
871,Wilek,90
872,Tish,38
873,Elton,40
874,Adham,62
875,Michaella,89
876,Karlotta,85
877,Shanan,77
878,Callean,5
879,Mandie,19
880,Shayne,80
881,Chloris,67
882,Aggy,56
883,Donaugh,84
884,Fletcher,40
885,Ettore,1
886,Luke,100
887,Romy,73
888,Barbabas,86
889,Andy,3
890,Siana,22
891,Rustie,11
892,Yance,86
893,Burr,19
894,Lynnette,19
895,Neville,94
896,Deonne,83
897,Barbie,72
898,Kingston,88
899,Giovanni,26
900,Eachelle,78
901,Glenine,4
902,Alli,74
903,Nikki,25
904,Ulrich,90
905,Halie,36
906,Jordain,36
907,Angy,80
908,Carmita,17
909,Harbert,13
910,Eric,86
911,Teresa,52
912,Dominick,52
913,Emelyne,70
914,Talyah,69
915,Margalo,11
916,Koenraad,86
917,Eleonora,57
918,Ange,34
919,Alvina,34
920,Teodor,94
921,Emelina,85
922,Saxe,77
923,Ofella,50
924,Michele,17
925,Gertruda,44
926,Reggie,4
927,Herminia,24
928,Bernarr,7
929,Ami,31
930,Torre,84
931,Odelia,28
932,Leeann,22
933,Berni,40
934,Pansy,98
935,Sandi,29
936,Desirae,82
937,Johna,43
938,Darcy,54
939,Godfry,10
940,Walden,7
941,Midge,30
942,Terri-jo,53
943,Conrado,90
944,Tabby,1
945,Tonnie,53
946,Nancy,25
947,Martica,16
948,Hubert,67
949,Wilburt,35
950,Ame,99
951,Konstance,48
952,Lilas,90
953,Shannon,60
954,Gardy,46
955,Robinett,14
956,Morton,26
957,Donnell,6
958,Tressa,60
959,Daphna,39
960,Hasheem,29
961,Desmund,60
962,Gibb,60
963,Alvira,56
964,Pet,18
965,Cheri,77
966,Svend,47
967,Gaspar,9
968,Dannie,30
969,Philippe,90
970,Melania,6
971,Saidee,37
972,Had,32
973,Juliet,18
974,Enrika,93
975,Lowrance,6
976,Lianna,31
977,Remy,95
978,Noak,34
979,Nero,22
980,Delmer,82
981,Alvera,57
982,Henriette,29
983,Stephanie,70
984,Terencio,98
985,Bridie,95
986,Leigh,99
987,Helen,66
988,Rana,2
989,Miguela,64
990,Kenn,37
991,Ash,11
992,Constancia,96
993,Ingaberg,63
994,Gardiner,48
995,Barbra,61
996,Jerri,99
997,Myrtice,90
998,Jemimah,3
999,Hayyim,84
1000,Sean,82
